Workbook

Sheet Resumo
A1: Análise Natasha WhatsApp — consolidado dos 116 telefones únicos
A2: Fontes: telefones_unicos_consolidado.xlsx (116 números) + exportação do painel (natasha_whatsapp_2026-10-13_1227.xlsx, análises de 13/10/2026). Todos os números são fórmulas sobre a aba Consolidado.
A4: Cobertura
A5: Telefones únicos na planilha | B5: =COUNTA(Consolidado!$B$2:$B$117) -> 116
A6: Sem nome | B6: =COUNTIF(Consolidado!$D$2:$D$117,"Sem nome") -> 41 | C6: =IFERROR(B6/$B$5,"") -> 0.35344828
A7: Cliente | B7: =COUNTIF(Consolidado!$D$2:$D$117,"Cliente") -> 58 | C7: =IFERROR(B7/$B$5,"") -> 0.5
A8: Com nome | B8: =COUNTIF(Consolidado!$D$2:$D$117,"Com nome") -> 17 | C8: =IFERROR(B8/$B$5,"") -> 0.14655172
A9: Analisados | B9: =COUNTA(Consolidado!$I$2:$I$117) -> 116 | C9: =IFERROR(B9/$B$5,"") -> 1
A10: Planilha de origem: só no funil | B10: =COUNTIF(Consolidado!$H$2:$H$117,"Só no funil") -> 66 | C10: =IFERROR(B10/$B$5,"") -> 0.56896552
A11: Planilha de origem: só nos disparos | B11: =COUNTIF(Consolidado!$H$2:$H$117,"Só nos disparos") -> 41 | C11: =IFERROR(B11/$B$5,"") -> 0.35344828
A12: Planilha de origem: nas duas | B12: =COUNTIF(Consolidado!$H$2:$H$117,"Nas duas planilhas") -> 9 | C12: =IFERROR(B12/$B$5,"") -> 0.077586207
A14: Status no Dryve Pro
A15: Perdido | B15: =COUNTIF(Consolidado!$N$2:$N$117,"Perdido") -> 101 | C15: =IFERROR(B15/$B$5,"") -> 0.87068966
A16: Outro (com etapa) | B16: =COUNTIF(Consolidado!$N$2:$N$117,"Outro") -> 15 | C16: =IFERROR(B16/$B$5,"") -> 0.12931034
A17: Etapa: Aprovado | B17: =COUNTIF(Consolidado!$O$2:$O$117,"Aprovado") -> 6
A18: Etapa: Reprovado | B18: =COUNTIF(Consolidado!$O$2:$O$117,"Reprovado") -> 6
A19: Etapa: Enviado para locadora | B19: =COUNTIF(Consolidado!$O$2:$O$117,"Enviado para locadora") -> 2
A20: Etapa: Contato efetivo | B20: =COUNTIF(Consolidado!$O$2:$O$117,"Contato efetivo") -> 1
A21: Status correto (Perdido) | B21: =COUNTIFS(Consolidado!$N$2:$N$117,"Perdido",Consolidado!$Q$2:$Q$117,"Sim") -> 7 | C21: =IFERROR(B21/$B$15,"") -> 0.069306931
A23: Atendimento
A24: Sem atendimento | B24: =COUNTIF(Consolidado!$K$2:$K$117,"Não houve atendimento") -> 93 | C24: =IFERROR(B24/$B$5,"") -> 0.80172414
A25: A IA atendeu | B25: =COUNTIF(Consolidado!$K$2:$K$117,"Sim, a IA atendeu") -> 23 | C25: =IFERROR(B25/$B$5,"") -> 0.19827586
A26: Cliente encerrou o canal sem continuar | B26: =COUNTIF(Consolidado!$L$2:$L$117,"Cliente encerrou o canal sem continuar") -> 47 | C26: =IFERROR(B26/$B$24,"") -> 0.50537634
A27: Cliente não interagiu | B27: =COUNTIF(Consolidado!$L$2:$L$117,"Cliente não interagiu") -> 27 | C27: =IFERROR(B27/$B$24,"") -> 0.29032258
A28: Sem interação / sem resposta (Xsales) | B28: =COUNTIF(Consolidado!$L$2:$L$117,"Sem interação / sem resposta (Xsales)") -> 19 | C28: =IFERROR(B28/$B$24,"") -> 0.20430108
A30: Motivo do perdido (101 perdidos)
A31: Registrado como Motorista de App | B31: =COUNTIFS(Consolidado!$N$2:$N$117,"Perdido",Consolidado!$R$2:$R$117,"Motorista de App") -> 95 | C31: =IFERROR(B31/$B$15,"") -> 0.94059406
A32: Realmente motorista de app (confirmado) | B32: =COUNTIFS(Consolidado!$N$2:$N$117,"Perdido",Consolidado!$R$2:$R$117,"Motorista de App",Consolidado!$T$2:$T$117,"Sim") -> 6 | C32: =IFERROR(B32/$B$15,"") -> 0.059405941
A33: Não era motorista de app | B33: =B15-B32 -> 95 | C33: =IFERROR(B33/$B$15,"") -> 0.94059406
A35: Motivo real informado (quando o motivo registrado estava incorreto)
A36: Limpeza de board | B36: =COUNTIF(Consolidado!$U$2:$U$117,"Limpeza de board") -> 11
A37: Cotando / Pesquisando | B37: =COUNTIF(Consolidado!$U$2:$U$117,"Cotando / Pesquisando") -> 2
A38: Preferiu comprar o carro | B38: =COUNTIF(Consolidado!$U$2:$U$117,"Preferiu comprar o carro") -> 1
A39: Preço não agradou | B39: =COUNTIF(Consolidado!$U$2:$U$117,"Preço não agradou") -> 1
A40: Sem motivo real informado | B40: =COUNTIFS(Consolidado!$N$2:$N$117,"Perdido",Consolidado!$T$2:$T$117,"Não",Consolidado!$U$2:$U$117,"") -> 79

Sheet Consolidado
A1: # | B1: Telefone | C1: Nome(s) | D1: Grupo | E1: Esteira(s) | F1: Origem | G1: Data(s) do pedido | H1: Planilha de origem | I1: Data da análise | J1: Hora | K1: Atendimento | L1: Motivo sem atendimento | M1: Motivo sem atendimento (como digitado) | N1: Status no Dryve Pro | O1: Etapa (se Outro) | P1: Por quê da etapa | Q1: Status correto | R1: Motivo registrado | S1: Por quê do motivo | T1: Motivo correto? | U1: Motivo real (se incorreto) | V1: Observação | W1: Validar depois (tem nome)
A2: 1 | B2: +55 12 99225-4422 | C2: (sem nome) | D2: Sem nome | H2: Só nos disparos | I2: 13/10/2026 | J2: 11:25:03 | K2: Não houve atendimento | L2: Cliente encerrou o canal sem continuar | M2: Cliente encerrou o canal sem continuar | N2: Perdido | Q2: Não | R2: Motorista de App | T2: Não
A3: 2 | B3: +55 12 99720-0045 | C3: (sem nome) | D3: Sem nome | H3: Só nos disparos | I3: 13/10/2026 | J3: 11:42:44 | K3: Não houve atendimento | L3: Cliente encerrou o canal sem continuar | M3: Cliente encerrou o canal sem continuar | N3: Perdido | Q3: Não | R3: Motorista de App | T3: Não
A4: 3 | B4: +55 13 97409-5767 | C4: (sem nome) | D4: Sem nome | H4: Só nos disparos | I4: 13/10/2026 | J4: 11:26:36 | K4: Não houve atendimento | L4: Cliente encerrou o canal sem continuar | M4: Cliente encerrou o canal sem continuar | N4: Perdido | Q4: Não | R4: Motorista de App | T4: Não
A5: 4 | B5: +55 13 98881-0408 | C5: (sem nome) | D5: Sem nome | H5: Só nos disparos | I5: 13/10/2026 | J5: 11:28:30 | K5: Não houve atendimento | L5: Cliente encerrou o canal sem continuar | M5: Cliente encerrou o canal sem continuar | N5: Perdido | Q5: Não | R5: Motorista de App | T5: Não
A6: 5 | B6: +55 13 99777-0394 | C6: (sem nome) | D6: Sem nome | H6: Só nos disparos | I6: 13/10/2026 | J6: 11:57:13 | K6: Sim, a IA atendeu | N6: Perdido | Q6: Não | R6: Motorista de App | T6: Não | U6: Preço não agradou
A7: 6 | B7: +55 13 99789-7524 | C7: (sem nome) | D7: Sem nome | H7: Só nos disparos | I7: 13/10/2026 | J7: 11:59:56 | K7: Sim, a IA atendeu | N7: Outro | O7: Reprovado | Q7: Sim
A8: 7 | B8: +55 15 99769-5422 | C8: (sem nome) | D8: Sem nome | H8: Só nos disparos | I8: 13/10/2026 | J8: 11:33:42 | K8: Não houve atendimento | L8: Cliente encerrou o canal sem continuar | M8: Cliente encerrou o canal sem continuar | N8: Perdido | Q8: Não | R8: Motorista de App | T8: Não
A9: 8 | B9: +55 17 98194-0191 | C9: (sem nome) | D9: Sem nome | H9: Só nos disparos | I9: 13/10/2026 | J9: 11:46:14 | K9: Não houve atendimento | L9: Cliente encerrou o canal sem continuar | M9: Cliente encerrou o canal sem continuar | N9: Perdido | Q9: Não | R9: Motorista de App | T9: Não
A10: 9 | B10: +55 32 98713-5306 | C10: (sem nome) | D10: Sem nome | H10: Só nos disparos | I10: 13/10/2026 | J10: 11:55:51 | K10: Não houve atendimento | L10: Cliente encerrou o canal sem continuar | M10: Cliente encerrou o canal sem continuar | N10: Perdido | Q10: Não | R10: Motorista de App | T10: Não
A11: 10 | B11: +55 34 99777-7624 | C11: (sem nome) | D11: Sem nome | H11: Só nos disparos | I11: 13/10/2026 | J11: 11:53:10 | K11: Não houve atendimento | L11: Cliente encerrou o canal sem continuar | M11: Cliente encerrou o canal sem continuar | N11: Perdido | Q11: Não | R11: Motorista de App | T11: Não
A12: 11 | B12: +55 35 91014-8874 | C12: (sem nome) | D12: Sem nome | H12: Só nos disparos | I12: 13/10/2026 | J12: 11:32:03 | K12: Não houve atendimento | L12: Cliente não interagiu | M12: Cliente não interagiu | N12: Perdido | Q12: Não | R12: Motorista de App | T12: Não
A13: 12 | B13: +55 35 98411-9515 | C13: (sem nome) | D13: Sem nome | H13: Só nos disparos | I13: 13/10/2026 | J13: 11:43:56 | K13: Não houve atendimento | L13: Cliente encerrou o canal sem continuar | M13: Cliente encerrou o canal sem continuar | N13: Perdido | Q13: Não | R13: Motorista de App | T13: Não
A14: 13 | B14: +55 35 99221-6024 | C14: (sem nome) | D14: Sem nome | H14: Só nos disparos | I14: 13/10/2026 | J14: 11:49:47 | K14: Não houve atendimento | L14: Cliente encerrou o canal sem continuar | M14: Cliente encerrou o canal sem continuar | N14: Perdido | Q14: Não | R14: Motorista de App | T14: Não
A15: 14 | B15: +55 38 99168-8186 | C15: (sem nome) | D15: Sem nome | H15: Só nos disparos | I15: 13/10/2026 | J15: 11:51:33 | K15: Sim, a IA atendeu | N15: Perdido | Q15: Sim | R15: Motorista de App | T15: Sim
A16: 15 | B16: +55 38 99182-7162 | C16: (sem nome) | D16: Sem nome | H16: Só nos disparos | I16: 13/10/2026 | J16: 11:58:35 | K16: Sim, a IA atendeu | N16: Perdido | Q16: Sim | R16: Motorista de App | T16: Sim
A17: 16 | B17: +55 38 99854-9962 | C17: (sem nome) | D17: Sem nome | H17: Só nos disparos | I17: 13/10/2026 | J17: 11:40:17 | K17: Não houve atendimento | L17: Cliente encerrou o canal sem continuar | M17: Cliente encerrou o canal sem continuar | N17: Perdido | Q17: Não | R17: Motorista de App | T17: Não
A18: 17 | B18: +55 44 99991-2973 | C18: (sem nome) | D18: Sem nome | H18: Só nos disparos | I18: 13/10/2026 | J18: 11:27:37 | K18: Não houve atendimento | L18: Cliente encerrou o canal sem continuar | M18: Cliente encerrou o canal sem continuar | N18: Perdido | Q18: Não | R18: Motorista de App | T18: Não
A19: 18 | B19: +55 45 99820-8401 | C19: (sem nome) | D19: Sem nome | H19: Só nos disparos | I19: 13/10/2026 | J19: 11:29:03 | K19: Não houve atendimento | L19: Cliente encerrou o canal sem continuar | M19: Cliente encerrou o canal sem continuar | N19: Perdido | Q19: Não | R19: Motorista de App | T19: Não
A20: 19 | B20: +55 61 98199-0868 | C20: (sem nome) | D20: Sem nome | H20: Só nos disparos | I20: 13/10/2026 | J20: 11:58:17 | K20: Não houve atendimento | L20: Cliente encerrou o canal sem continuar | M20: Cliente encerrou o canal sem continuar | N20: Perdido | Q20: Não | R20: Motorista de App | T20: Não
A21: 20 | B21: +55 61 98452-2540 | C21: (sem nome) | D21: Sem nome | H21: Só nos disparos | I21: 13/10/2026 | J21: 11:39:02 | K21: Sim, a IA atendeu | N21: Perdido | Q21: Sim | R21: Motorista de App | T21: Sim
A22: 21 | B22: +55 61 98597-7180 | C22: (sem nome) | D22: Sem nome | H22: Só nos disparos | I22: 13/10/2026 | J22: 12:01:36 | K22: Não houve atendimento | L22: Cliente encerrou o canal sem continuar | M22: Cliente encerrou o canal sem continuar | N22: Perdido | Q22: Não | R22: Motorista de App | T22: Não
A23: 22 | B23: +55 61 99554-4068 | C23: (sem nome) | D23: Sem nome | H23: Só nos disparos | I23: 13/10/2026 | J23: 11:43:25 | K23: Não houve atendimento | L23: Cliente encerrou o canal sem continuar | M23: Cliente encerrou o canal sem continuar | N23: Perdido | Q23: Não | R23: Motorista de App | T23: Não
A24: 23 | B24: +55 61 99991-8123 | C24: (sem nome) | D24: Sem nome | H24: Só nos disparos | I24: 13/10/2026 | J24: 11:47:29 | K24: Sim, a IA atendeu | N24: Perdido | Q24: Não | R24: Motorista de App | T24: Não | U24: Limpeza de board
A25: 24 | B25: +55 67 93300-2295 | C25: (sem nome) | D25: Sem nome | H25: Só nos disparos | I25: 13/10/2026 | J25: 12:03:23 | K25: Não houve atendimento | L25: Cliente encerrou o canal sem continuar | M25: Cliente encerrou o canal sem continuar | N25: Perdido | Q25: Não | R25: Motorista de App | T25: Não
A26: 25 | B26: +55 81 98169-7019 | C26: (sem nome) | D26: Sem nome | H26: Só nos disparos | I26: 13/10/2026 | J26: 11:31:09 | K26: Sim, a IA atendeu | N26: Perdido | Q26: Não | R26: Motorista de App | T26: Não | U26: Cotando / Pesquisando
A27: 26 | B27: +55 81 98438-0034 | C27: (sem nome) | D27: Sem nome | H27: Só nos disparos | I27: 13/10/2026 | J27: 11:41:00 | K27: Não houve atendimento | L27: Cliente encerrou o canal sem continuar | M27: Cliente encerrou o canal sem continuar | N27: Perdido | Q27: Não | R27: Motorista de App | T27: Não
A28: 27 | B28: +55 81 98585-1643 | C28: (sem nome) | D28: Sem nome | H28: Só nos disparos | I28: 13/10/2026 | J28: 11:54:37 | K28: Sim, a IA atendeu | N28: Perdido | Q28: Não | R28: Motorista de App | T28: Não | U28: Preferiu comprar o carro
A29: 28 | B29: +55 81 98717-4093 | C29: (sem nome) | D29: Sem nome | H29: Só nos disparos | I29: 13/10/2026 | J29: 11:34:09 | K29: Não houve atendimento | L29: Cliente encerrou o canal sem continuar | M29: Cliente encerrou o canal sem continuar | N29: Perdido | Q29: Não | R29: Motorista de App | T29: Não
A30: 29 | B30: +55 81 98749-7973 | C30: (sem nome) | D30: Sem nome | H30: Só nos disparos | I30: 13/10/2026 | J30: 11:50:25 | K30: Não houve atendimento | L30: Cliente encerrou o canal sem continuar | M30: Cliente encerrou o canal sem continuar | N30: Perdido | Q30: Não | R30: Motorista de App | T30: Não
A31: 30 | B31: +55 81 99338-9308 | C31: (sem nome) | D31: Sem nome | H31: Só nos disparos | I31: 13/10/2026 | J31: 11:24:18 | K31: Não houve atendimento | L31: Cliente encerrou o canal sem continuar | M31: Cliente encerrou o canal sem continuar | N31: Perdido | Q31: Não | R31: Motorista de App | T31: Não
A32: 31 | B32: +55 81 99371-2563 | C32: (sem nome) | D32: Sem nome | H32: Só nos disparos | I32: 13/10/2026 | J32: 11:29:43 | K32: Não houve atendimento | L32: Cliente encerrou o canal sem continuar | M32: Cliente encerrou o canal sem continuar | N32: Perdido | Q32: Não | R32: Motorista de App | T32: Não
A33: 32 | B33: +55 81 99746-8542 | C33: (sem nome) | D33: Sem nome | H33: Só nos disparos | I33: 13/10/2026 | J33: 11:41:55 | K33: Não houve atendimento | L33: Cliente encerrou o canal sem continuar | M33: Cliente encerrou o canal sem continuar | N33: Perdido | Q33: Não | R33: Motorista de App | T33: Não
A34: 33 | B34: +55 81 99794-2226 | C34: (sem nome) | D34: Sem nome | H34: Só nos disparos | I34: 13/10/2026 | J34: 12:02:23 | K34: Não houve atendimento | L34: Cliente encerrou o canal sem continuar | M34: Cliente encerrou o canal sem continuar | N34: Perdido | Q34: Não | R34: Motorista de App | T34: Não
A35: 34 | B35: +55 81 99963-7030 | C35: (sem nome) | D35: Sem nome | H35: Só nos disparos | I35: 13/10/2026 | J35: 11:45:31 | K35: Não houve atendimento | L35: Cliente encerrou o canal sem continuar | M35: Cliente encerrou o canal sem continuar | N35: Perdido | Q35: Não | R35: Motorista de App | T35: Não
A36: 35 | B36: +55 87 99900-1192 | C36: (sem nome) | D36: Sem nome | H36: Só nos disparos | I36: 13/10/2026 | J36: 11:51:09 | K36: Não houve atendimento | L36: Cliente encerrou o canal sem continuar | M36: Cliente encerrou o canal sem continuar | N36: Perdido | Q36: Não | R36: Motorista de App | T36: Não
A37: 36 | B37: +55 91 98311-4277 | C37: (sem nome) | D37: Sem nome | H37: Só nos disparos | I37: 13/10/2026 | J37: 11:55:01 | K37: Sim, a IA atendeu | N37: Perdido | Q37: Sim | R37: Motorista de App | T37: Sim
A38: 37 | B38: +55 92 98128-3372 | C38: (sem nome) | D38: Sem nome | H38: Só nos disparos | I38: 13/10/2026 | J38: 11:48:44 | K38: Não houve atendimento | L38: Cliente encerrou o canal sem continuar | M38: Cliente encerrou o canal sem continuar | N38: Perdido | Q38: Não | R38: Motorista de App | T38: Não
A39: 38 | B39: +55 92 99290-9401 | C39: (sem nome) | D39: Sem nome | H39: Só nos disparos | I39: 13/10/2026 | J39: 11:32:28 | K39: Não houve atendimento | L39: Cliente encerrou o canal sem continuar | M39: Cliente encerrou o canal sem continuar | N39: Perdido | Q39: Não | R39: Motorista de App | T39: Não
A40: 39 | B40: +55 92 99429-8958 | C40: (sem nome) | D40: Sem nome | H40: Só nos disparos | I40: 13/10/2026 | J40: 12:04:03 | K40: Sim, a IA atendeu | N40: Perdido | Q40: Sim | R40: Motorista de App | T40: Sim
A41: 40 | B41: +55 95 99130-2843 | C41: (sem nome) | D41: Sem nome | H41: Só nos disparos | I41: 13/10/2026 | J41: 11:44:29 | K41: Não houve atendimento | L41: Cliente encerrou o canal sem continuar | M41: Cliente encerrou o canal sem continuar | N41: Perdido | Q41: Não | R41: Motorista de App | T41: Não
A42: 41 | B42: +55 96 99180-2635 | C42: (sem nome) | D42: Sem nome | H42: Só nos disparos | I42: 13/10/2026 | J42: 11:38:23 | K42: Sim, a IA atendeu | N42: Outro | O42: Reprovado | Q42: Sim
A43: 42 | B43: +55 11 94720-0635 | C43: Cliente | D43: Cliente | F43: Credere | G43: 07/10/2026 | H43: Só no funil | I43: 13/10/2026 | J43: 11:04:02 | K43: Não houve atendimento | L43: Cliente não interagiu | M43: Cliente não interagiu | N43: Perdido | Q43: Não | R43: Motorista de App | T43: Não | U43: Limpeza de board
A44: 43 | B44: +55 11 96922-8687 | C44: Cliente | D44: Cliente | F44: Credere | G44: 07/10/2026 | H44: Só no funil | I44: 13/10/2026 | J44: 11:08:20 | K44: Não houve atendimento | L44: Cliente encerrou o canal sem continuar | M44: Cliente encerrou o canal sem continuar | N44: Perdido | Q44: Não | R44: Motorista de App | T44: Não
A45: 44 | B45: +55 11 97876-5031 | C45: Cliente | D45: Cliente | F45: Credere | G45: 07/10/2026 | H45: Só no funil | I45: 13/10/2026 | J45: 11:03:21 | K45: Não houve atendimento | L45: Cliente encerrou o canal sem continuar | M45: Cliente encerrou o canal sem continuar | N45: Perdido | Q45: Não | R45: Motorista de App | T45: Não
A46: 45 | B46: +55 11 98216-3848 | C46: Cliente | D46: Cliente | F46: Credere | G46: 09/10/2026 | H46: Só no funil | I46: 13/10/2026 | J46: 10:01:50 | K46: Não houve atendimento | L46: Cliente não interagiu | M46: Cliente não interagiu | N46: Perdido | Q46: Não | R46: Motorista de App | T46: Não
A47: 46 | B47: +55 11 99590-7510 | C47: Cliente | D47: Cliente | F47: Credere | G47: 07/10/2026 | H47: Só no funil | I47: 13/10/2026 | J47: 10:35:33 | K47: Não houve atendimento | L47: Cliente não interagiu | M47: Cliente não interagiu | N47: Perdido | Q47: Não | R47: Motorista de App | T47: Não
A48: 47 | B48: +55 11 99902-3599 | C48: Cliente | D48: Cliente | F48: Credere | G48: 07/10/2026 | H48: Só no funil | I48: 13/10/2026 | J48: 11:01:59 | K48: Não houve atendimento | L48: Cliente não interagiu | M48: Cliente não interagiu | N48: Perdido | Q48: Não | R48: Motorista de App | T48: Não | U48: Limpeza de board
A49: 48 | B49: +55 12 99642-5359 | C49: Cliente | D49: Cliente | F49: Credere | G49: 07/10/2026 | H49: Só no funil | I49: 13/10/2026 | J49: 10:29:29 | K49: Não houve atendimento | L49: Sem interação / sem resposta (Xsales) | M49: Sem interação no Xsales | N49: Perdido | Q49: Não | R49: Motorista de App | T49: Não
A50: 49 | B50: +55 13 99666-5830 | C50: Cliente | D50: Cliente | F50: Credere | G50: 09/10/2026 | H50: Só no funil | I50: 13/10/2026 | J50: 09:46:20 | K50: Sim, a IA atendeu | N50: Perdido | Q50: Sim | R50: Cotando / Pesquisando | T50: Sim
A51: 50 | B51: +55 14 99759-8052 | C51: Cliente | D51: Cliente | F51: Credere | G51: 07/10/2026 | H51: Só no funil | I51: 13/10/2026 | J51: 10:39:21 | K51: Não houve atendimento | L51: Cliente não interagiu | M51: Cliente não interagiu | N51: Perdido | Q51: Não | R51: Motorista de App | T51: Não
A52: 51 | B52: +55 15 99601-9801 | C52: Cliente | D52: Cliente | F52: Credere | G52: 07/10/2026 | H52: Nas duas planilhas | I52: 13/10/2026 | J52: 09:10:27 | K52: Não houve atendimento | L52: Cliente encerrou o canal sem continuar | M52: Cliente encerrou o canal sem continuar | N52: Perdido | Q52: Não | R52: Motorista de App | T52: Não
A53: 52 | B53: +55 16 99190-6069 | C53: Cliente | D53: Cliente | F53: Credere | G53: 09/10/2026 | H53: Só no funil | I53: 13/10/2026 | J53: 09:58:55 | K53: Sim, a IA atendeu | N53: Perdido | Q53: Não | R53: Motorista de App | T53: Não | U53: Cotando / Pesquisando
A54: 53 | B54: +55 21 96949-3231 | C54: Cliente | D54: Cliente | F54: Credere | G54: 07/10/2026 | H54: Só no funil | I54: 13/10/2026 | J54: 10:54:51 | K54: Sim, a IA atendeu | N54: Perdido | Q54: Sim | R54: Motorista de App | T54: Sim
A55: 54 | B55: +55 21 97021-7322 | C55: Cliente | D55: Cliente | F55: Credere | G55: 07/10/2026 | H55: Só no funil | I55: 13/10/2026 | J55: 10:38:42 | K55: Sim, a IA atendeu | N55: Perdido | Q55: Não | R55: Motorista de App | T55: Não | V55: Cliente pediu para falar com humano, mas IA alucinou.
A56: 55 | B56: +55 21 97184-9727 | C56: Cliente | D56: Cliente | F56: Credere | G56: 07/10/2026 | H56: Só no funil | I56: 13/10/2026 | J56: 10:36:23 | K56: Não houve atendimento | L56: Cliente não interagiu | M56: Cliente não interagiu | N56: Perdido | Q56: Não | R56: Motorista de App | T56: Não
A57: 56 | B57: +55 21 97294-9348 | C57: Cliente | D57: Cliente | F57: Credere | G57: 07/10/2026 | H57: Só no funil | I57: 13/10/2026 | J57: 10:42:30 | K57: Não houve atendimento | L57: Sem interação / sem resposta (Xsales) | M57: Sem interação no Xsales | N57: Perdido | Q57: Não | R57: Motorista de App | T57: Não
A58: 57 | B58: +55 21 99071-6677 | C58: Cliente | D58: Cliente | F58: Credere | G58: 09/10/2026 | H58: Só no funil | I58: 13/10/2026 | J58: 09:54:36 | K58: Não houve atendimento | L58: Cliente não interagiu | M58: Cliente não interagiu | N58: Perdido | Q58: Não | R58: Motorista de App | T58: Não
A59: 58 | B59: +55 21 99465-9547 | C59: Cliente | D59: Cliente | F59: Credere | G59: 09/10/2026 | H59: Só no funil | I59: 13/10/2026 | J59: 10:12:51 | K59: Não houve atendimento | L59: Cliente não interagiu | M59: Cliente não interagiu | N59: Perdido | Q59: Não | R59: Motorista de App | T59: Não
A60: 59 | B60: +55 21 99719-0335 | C60: Cliente | D60: Cliente | F60: Credere | G60: 07/10/2026 | H60: Só no funil | I60: 13/10/2026 | J60: 11:07:34 | K60: Não houve atendimento | L60: Cliente não interagiu | M60: Cliente não interagiu | N60: Perdido | Q60: Não | R60: Motorista de App | T60: Não
A61: 60 | B61: +55 22 99729-2043 | C61: Cliente | D61: Cliente | F61: Credere | G61: 07/10/2026 | H61: Nas duas planilhas | I61: 13/10/2026 | J61: 09:35:59 | K61: Não houve atendimento | L61: Cliente encerrou o canal sem continuar | M61: Cliente encerrou o canal sem continuar | N61: Perdido | Q61: Não | R61: Motorista de App | T61: Não
A62: 61 | B62: +55 24 99243-5895 | C62: Cliente | D62: Cliente | F62: Credere | G62: 07/10/2026 | H62: Só no funil | I62: 13/10/2026 | J62: 11:09:24 | K62: Não houve atendimento | L62: Cliente não interagiu | M62: Cliente não interagiu | N62: Perdido | Q62: Não | R62: Motorista de App | T62: Não | U62: Limpeza de board
A63: 62 | B63: +55 24 99335-1574 | C63: Cliente | D63: Cliente | F63: Credere | G63: 07/10/2026 | H63: Só no funil | I63: 13/10/2026 | J63: 10:52:55 | K63: Não houve atendimento | L63: Sem interação / sem resposta (Xsales) | M63: Sem interação no Xsales | N63: Perdido | Q63: Não | R63: Motorista de App | T63: Não
A64: 63 | B64: +55 27 99892-5691 | C64: Cliente | D64: Cliente | F64: Credere | G64: 07/10/2026 | H64: Só no funil | I64: 13/10/2026 | J64: 10:52:03 | K64: Não houve atendimento | L64: Cliente não interagiu | M64: Cliente não interagiu | N64: Perdido | Q64: Não | R64: Limpeza de board | T64: Não | U64: Limpeza de board
A65: 64 | B65: +55 31 98415-5637 | C65: Cliente | D65: Cliente | F65: Credere | G65: 07/10/2026 | H65: Só no funil | I65: 13/10/2026 | J65: 10:33:38 | K65: Não houve atendimento | L65: Cliente encerrou o canal sem continuar | M65: Cliente encerrou o canal sem continuar | N65: Perdido | Q65: Não | R65: Motorista de App | T65: Não
A66: 65 | B66: +55 31 98854-0058 | C66: Cliente | D66: Cliente | F66: Credere | G66: 07/10/2026 | H66: Só no funil | I66: 13/10/2026 | J66: 11:06:42 | K66: Não houve atendimento | L66: Sem interação / sem resposta (Xsales) | M66: Sem interação no Xsales | N66: Perdido | Q66: Não | R66: Motorista de App | T66: Não
A67: 66 | B67: +55 31 99298-7566 | C67: Cliente | D67: Cliente | F67: Credere | G67: 09/10/2026 | H67: Só no funil | I67: 13/10/2026 | J67: 10:12:22 | K67: Não houve atendimento | L67: Sem interação / sem resposta (Xsales) | M67: Cliente deixou de responder | N67: Perdido | Q67: Não | R67: Motorista de App | T67: Não
A68: 67 | B68: +55 43 98802-1986 | C68: Cliente | D68: Cliente | F68: Credere | G68: 07/10/2026 | H68: Nas duas planilhas | I68: 13/10/2026 | J68: 09:24:36 | K68: Não houve atendimento | L68: Cliente encerrou o canal sem continuar | M68: Cliente encerrou o canal sem continuar | N68: Perdido | Q68: Não | R68: Motorista de App | T68: Não
A69: 68 | B69: +55 47 98879-0877 | C69: Cliente | D69: Cliente | F69: Credere | G69: 07/10/2026 | H69: Só no funil | I69: 13/10/2026 | J69: 10:40:14 | K69: Não houve atendimento | L69: Sem interação / sem resposta (Xsales) | M69: Chat sem interação no Xsales | N69: Perdido | Q69: Não | R69: Motorista de App | T69: Não
A70: 69 | B70: +55 47 99173-3504 | C70: Cliente | D70: Cliente | F70: Credere | G70: 07/10/2026 | H70: Só no funil | I70: 13/10/2026 | J70: 10:45:13 | K70: Não houve atendimento | L70: Sem interação / sem resposta (Xsales) | M70: Sem interação no Xsales | N70: Perdido | Q70: Não | R70: Motorista de App | T70: Não
A71: 70 | B71: +55 48 99928-2836 | C71: Cliente | D71: Cliente | F71: Credere | G71: 09/10/2026 | H71: Só no funil | I71: 13/10/2026 | J71: 10:02:21 | K71: Não houve atendimento | L71: Cliente não interagiu | M71: Cliente não interagiu | N71: Perdido | Q71: Não | R71: Motorista de App | T71: Não
A72: 71 | B72: +55 51 98964-5439 | C72: Cliente | D72: Cliente | F72: Credere | G72: 07/10/2026 | H72: Só no funil | I72: 13/10/2026 | J72: 10:44:24 | K72: Não houve atendimento | L72: Cliente não interagiu | M72: Cliente não interagiu | N72: Perdido | Q72: Não | R72: Motorista de App | T72: Não
A73: 72 | B73: +55 61 99173-7188 | C73: Cliente | D73: Cliente | F73: Credere | G73: 09/10/2026 | H73: Só no funil | I73: 13/10/2026 | J73: 09:38:21 | K73: Não houve atendimento | L73: Cliente encerrou o canal sem continuar | M73: Cliente encerrou o canal sem continuar | N73: Perdido | Q73: Não | R73: Motorista de App | T73: Não
A74: 73 | B74: +55 61 99223-1216 | C74: Cliente | D74: Cliente | F74: Credere | G74: 09/10/2026 | H74: Só no funil | I74: 13/10/2026 | J74: 09:50:21 | K74: Não houve atendimento | L74: Cliente encerrou o canal sem continuar | M74: Cliente encerrou o canal sem continuar | N74: Perdido | Q74: Não | R74: Motorista de App | T74: Não
A75: 74 | B75: +55 61 99585-7310 | C75: Cliente | D75: Cliente | F75: Credere | G75: 09/10/2026 | H75: Só no funil | I75: 13/10/2026 | J75: 10:00:58 | K75: Não houve atendimento | L75: Cliente não interagiu | M75: Cliente não interagiu | N75: Perdido | Q75: Não | R75: Motorista de App | T75: Não
A76: 75 | B76: +55 61 99948-6634 | C76: Cliente | D76: Cliente | F76: Credere | G76: 07/10/2026 | H76: Só no funil | I76: 13/10/2026 | J76: 10:34:09 | K76: Não houve atendimento | L76: Cliente não interagiu | M76: Cliente não interagiu | N76: Perdido | Q76: Não | R76: Motorista de App | T76: Não
... A78: 77 | B78: +55 65 99256-5587 | C78: Cliente | D78: Cliente | F78: Credere | G78: 07/10/2026 | H78: Nas duas planilhas | I78: 13/10/2026 | J78: 09:32:56 | K78: Não houve atendimento | L78: Cliente encerrou o canal sem continuar | M78: Cliente encerrou o canal sem continuar | N78: Perdido | Q78: Não | R78: Motorista de App | T78: Não
A79: 78 | B79: +55 68 99201-5292 | C79: cliente | D79: Cliente | F79: Credere | G79: 09/10/2026 | H79: Só no funil | I79: 13/10/2026 | J79: 09:02:29 | K79: Sim, a IA atendeu | N79: Perdido | Q79: Não | R79: Motorista de App | T79: Não | V79: Cliente alega que não utilizaria o veiculo para aplicativo.
A80: 79 | B80: +55 68 99211-3014 | C80: Cliente | D80: Cliente | F80: Credere | G80: 07/10/2026 | H80: Só no funil | I80: 13/10/2026 | J80: 10:50:15 | K80: Não houve atendimento | L80: Cliente não interagiu | M80: Cliente não interagiu | N80: Perdido | Q80: Não | R80: Motorista de App | T80: Não
A81: 80 | B81: +55 68 99251-6103 | C81: Cliente | D81: Cliente | F81: Credere | G81: 09/10/2026 | H81: Só no funil | I81: 13/10/2026 | J81: 09:49:05 | K81: Não houve atendimento | L81: Cliente encerrou o canal sem continuar | M81: Cliente encerrou o canal sem continuar | N81: Perdido | Q81: Não | R81: Motorista de App | T81: Não
A82: 81 | B82: +55 71 98342-5638 | C82: Cliente | D82: Cliente | F82: Credere | G82: 07/10/2026 | H82: Só no funil | I82: 13/10/2026 | J82: 11:05:45 | K82: Não houve atendimento | L82: Cliente não interagiu | M82: Cliente não interagiu | N82: Perdido | Q82: Não | R82: Motorista de App | T82: Não | U82: Limpeza de board
A83: 82 | B83: +55 71 98526-3378 | C83: Cliente | D83: Cliente | F83: Credere | G83: 07/10/2026 | H83: Só no funil | I83: 13/10/2026 | J83: 10:48:16 | K83: Não houve atendimento | L83: Cliente não interagiu | M83: Cliente não interagiu | N83: Perdido | Q83: Não | R83: Limpeza de board | T83: Não | U83: Limpeza de board
A84: 83 | B84: +55 79 98156-3049 | C84: Cliente | D84: Cliente | F84: Credere | G84: 07/10/2026 | H84: Só no funil | I84: 13/10/2026 | J84: 10:27:20 | K84: Não houve atendimento | L84: Cliente encerrou o canal sem continuar | M84: Cliente encerrou o canal sem continuar | N84: Perdido | Q84: Não | R84: Motorista de App | T84: Não
A85: 84 | B85: +55 79 99106-2979 | C85: Cliente | D85: Cliente | F85: Credere | G85: 09/10/2026 | H85: Só no funil | I85: 13/10/2026 | J85: 10:26:16 | K85: Não houve atendimento | L85: Cliente não interagiu | M85: Cliente não interagiu | N85: Perdido | Q85: Não | R85: Motorista de App | T85: Não
A86: 85 | B86: +55 79 99926-0628 | C86: Cliente | D86: Cliente | F86: Credere | G86: 07/10/2026 | H86: Só no funil | I86: 13/10/2026 | J86: 10:46:34 | K86: Não houve atendimento | L86: Cliente não interagiu | M86: Cliente não interagiu | N86: Perdido | Q86: Não | R86: Limpeza de board | T86: Não | U86: Limpeza de board
A87: 86 | B87: +55 81 99252-8204 | C87: Cliente | D87: Cliente | F87: Credere | G87: 09/10/2026 | H87: Só no funil | I87: 13/10/2026 | J87: 09:50:55 | K87: Não houve atendimento | L87: Cliente encerrou o canal sem continuar | M87: Cliente encerrou o canal sem continuar | N87: Perdido | Q87: Não | R87: Motorista de App | T87: Não
A88: 87 | B88: +55 82 99424-6535 | C88: Cliente | D88: Cliente | F88: Credere | G88: 07/10/2026 | H88: Só no funil | I88: 13/10/2026 | J88: 11:04:50 | K88: Não houve atendimento | L88: Cliente não interagiu | M88: Cliente não interagiu | N88: Perdido | Q88: Não | R88: Motorista de App | T88: Não | U88: Limpeza de board
A89: 88 | B89: +55 83 99602-8242 | C89: Cliente | D89: Cliente | F89: Credere | G89: 09/10/2026 | H89: Só no funil | I89: 13/10/2026 | J89: 09:59:34 | K89: Não houve atendimento | L89: Cliente não interagiu | M89: Cliente não interagiu | N89: Perdido | Q89: Não | R89: Motorista de App | T89: Não
A90: 89 | B90: +55 85 98847-7283 | C90: Cliente | D90: Cliente | F90: Credere | G90: 07/10/2026 | H90: Só no funil | I90: 13/10/2026 | J90: 10:31:11 | K90: Não houve atendimento | L90: Sem interação / sem resposta (Xsales) | M90: Sem interação no Xsales | N90: Perdido | Q90: Não | R90: Motorista de App | T90: Não
A91: 90 | B91: +55 86 99800-6874 | C91: Cliente | D91: Cliente | F91: Credere | G91: 09/10/2026 | H91: Só no funil | I91: 13/10/2026 | J91: 10:24:52 | K91: Não houve atendimento | L91: Cliente não interagiu | M91: Cliente não interagiu | N91: Perdido | Q91: Não | R91: Motorista de App | T91: Não
A92: 91 | B92: +55 87 98123-0874 | C92: Cliente | D92: Cliente | F92: Credere | G92: 09/10/2026 | H92: Só no funil | I92: 13/10/2026 | J92: 09:49:31 | K92: Não houve atendimento | L92: Cliente encerrou o canal sem continuar | M92: Cliente encerrou o canal sem continuar | N92: Perdido | Q92: Não | R92: Motorista de App | T92: Não
A93: 92 | B93: +55 87 98822-4122 | C93: Cliente | D93: Cliente | F93: Credere | G93: 09/10/2026 | H93: Só no funil | I93: 13/10/2026 | J93: 09:57:45 | K93: Não houve atendimento | L93: Sem interação / sem resposta (Xsales) | M93: Não houve atendimento | N93: Perdido | Q93: Não | R93: Motorista de App | T93: Não
A94: 93 | B94: +55 88 98863-4083 | C94: Cliente | D94: Cliente | F94: Credere | G94: 07/10/2026 | H94: Nas duas planilhas | I94: 13/10/2026 | J94: 09:29:40 | K94: Não houve atendimento | L94: Cliente encerrou o canal sem continuar | M94: Cliente encerrou o canal sem continuar | N94: Perdido | Q94: Não | R94: Motorista de App | T94: Não
A95: 94 | B95: +55 91 98805-2208 | C95: Cliente | D95: Cliente | F95: Credere | G95: 07/10/2026 | H95: Só no funil | I95: 13/10/2026 | J95: 10:18:30 | K95: Não houve atendimento | L95: Cliente não interagiu | M95: Cliente não interagiu | N95: Perdido | Q95: Não | R95: Motorista de App | T95: Não
A96: 95 | B96: +55 91 98852-7447 | C96: Cliente | D96: Cliente | F96: Credere | G96: 07/10/2026 | H96: Só no funil | I96: 13/10/2026 | J96: 10:26:54 | K96: Não houve atendimento | L96: Cliente encerrou o canal sem continuar | M96: Cliente encerrou o canal sem continuar | N96: Perdido | Q96: Não | R96: Motorista de App | T96: Não
A97: 96 | B97: +55 92 99233-5164 | C97: Cliente | D97: Cliente | F97: Credere | G97: 09/10/2026 | H97: Só no funil | I97: 13/10/2026 | J97: 09:48:34 | K97: Não houve atendimento | L97: Cliente encerrou o canal sem continuar | M97: Cliente encerrou o canal sem continuar | N97: Perdido | Q97: Não | R97: Motorista de App | T97: Não
A98: 97 | B98: +55 93 99157-8266 | C98: Cliente | D98: Cliente | F98: Credere | G98: 07/10/2026 | H98: Nas duas planilhas | I98: 13/10/2026 | J98: 09:30:39 | K98: Não houve atendimento | L98: Cliente encerrou o canal sem continuar | M98: Cliente encerrou o canal sem continuar | N98: Perdido | Q98: Não | R98: Motorista de App | T98: Não
A99: 98 | B99: +55 94 99121-4533 | C99: Cliente | D99: Cliente | F99: Credere | G99: 09/10/2026 | H99: Só no funil | I99: 13/10/2026 | J99: 09:57:17 | K99: Não houve atendimento | L99: Sem interação / sem resposta (Xsales) | M99: Não houve interação | N99: Perdido | Q99: Não | R99: Motorista de App | T99: Não
A100: 99 | B100: +55 99 98509-6804 | C100: Cliente | D100: Cliente | F100: Credere | G100: 09/10/2026 | H100: Só no funil | I100: 13/10/2026 | J100: 09:47:14 | K100: Não houve atendimento | L100: Cliente encerrou o canal sem continuar | M100: Cliente encerrou o canal sem continuar | N100: Perdido | Q100: Não | R100: Motorista de App | T100: Não
A101: 100 | B101: +55 11 97755-7558 | C101: João Marcos de Oliveira Santana | D101: Com nome | E101: Localiza | F101: Credere | G101: 09/10/2026 | H101: Só no funil | I101: 13/10/2026 | J101: 12:10:07 | K101: Sim, a IA atendeu | N101: Outro | O101: Reprovado | Q101: Sim | W101: Sim
...

Sheet Validar depois (com nome)
A1: # | B1: Telefone | C1: Nome(s) | D1: Esteira(s) | E1: Planilha de origem | F1: Atendimento | G1: Status no Dryve Pro | H1: Etapa (se Outro) | I1: Status correto | J1: Motivo registrado | K1: Motivo correto? | L1: Motivo real (se incorreto) | M1: Observação
A2: 1 | B2: +55 11 97755-7558 | C2: João Marcos de Oliveira Santana | D2: Localiza | E2: Só no funil | F2: Sim, a IA atendeu | G2: Outro | H2: Reprovado | I2: Sim
A3: 2 | B3: +55 11 99301-7675 | C3: ingrid paula da silva feitosa | D3: Localiza | E3: Nas duas planilhas | F3: Sim, a IA atendeu | G3: Outro | H3: Reprovado | I3: Sim
A4: 3 | B4: +55 16 99620-7955 | C4: José Augusto Bononi | D4: Movida | E4: Só no funil | F4: Sim, a IA atendeu | G4: Outro | H4: Aprovado | I4: Sim
A5: 4 | B5: +55 19 99169-8003 | C5: WELLINGTON DE SOUZA | D5: Condicional | E5: Só no funil | F5: Não houve atendimento | G5: Outro | H5: Aprovado | I5: Sim
A6: 5 | B6: +55 21 99193-1717 | C6: JENYFER LORRANA LOPES DA SILVA MOREIRA | D6: Movida | E6: Nas duas planilhas | F6: Sim, a IA atendeu | G6: Outro | H6: Aprovado | I6: Sim
A7: 6 | B7: +55 37 98833-8689 | C7: Matheus de Oliveira Pena Costa | D7: Condicional | E7: Só no funil | F7: Não houve atendimento | G7: Outro | H7: Aprovado | I7: Sim
A8: 7 | B8: +55 61 99997-4248 | C8: Moises Rodrigues Fernandes | D8: Localiza | E8: Só no funil | F8: Não houve atendimento | G8: Perdido | I8: Não | J8: Limpeza de board | K8: Não | L8: Limpeza de board
A9: 8 | B9: +55 62 98103-6095 | C9: Geison | Cliente | E9: Só no funil | F9: Não houve atendimento | G9: Perdido | I9: Não | J9: Motorista de App | K9: Não | L9: Limpeza de board
A10: 9 | B10: +55 62 99178-6861 | C10: Rhilza Victoria Pereira de Matos | D10: Localiza | E10: Só no funil | F10: Sim, a IA atendeu | G10: Outro | H10: Enviado para locadora | I10: Sim
A11: 10 | B11: +55 75 99966-1525 | C11: Hernandes Santos Muniz | D11: Localiza | E11: Só no funil | F11: Não houve atendimento | G11: Outro | H11: Aprovado | I11: Sim
A12: 11 | B12: +55 79 99658-5424 | C12: André Edson Buche | D12: Localiza | E12: Só no funil | F12: Não houve atendimento | G12: Outro | H12: Contato efetivo | I12: Sim
A13: 12 | B13: +55 81 99633-6445 | C13: Ivanildo Ferreira dos Santos filho | D13: Localiza | E13: Só no funil | F13: Não houve atendimento | G13: Outro | H13: Aprovado | I13: Sim
A14: 13 | B14: +55 83 98634-1651 | C14: Kallinne kellen de Sousa Albuquerque | D14: Localiza | E14: Só no funil | F14: Não houve atendimento | G14: Perdido | I14: Não | J14: Outro | K14: Não
A15: 14 | B15: +55 84 98863-2798 | C15: Alikson thiago Teixeira de lima | D15: Localiza | E15: Nas duas planilhas | F15: Sim, a IA atendeu | G15: Outro | H15: Reprovado | I15: Sim
A16: 15 | B16: +55 93 99257-6374 | C16: Mara junia galucio de sousa | D16: Localiza | E16: Só no funil | F16: Sim, a IA atendeu | G16: Outro | H16: Enviado para locadora | I16: Sim
A17: 16 | B17: +55 93 99902-3782 | C17: Bruno Estevam Mendes | D17: Localiza | E17: Só no funil | F17: Não houve atendimento | G17: Outro | H17: Reprovado | I17: Sim
A18: 17 | B18: +55 94 98410-9400 | C18: Nataniel Moreira de Souza | D18: Condicional | E18: Só no funil | F18: Não houve atendimento | G18: Perdido | I18: Não | J18: Motorista de App | K18: Não
